ldraw;bricklink;color;cantidad;nombre;sets_rebrickable
3020;3020;Dark Bluish Gray;364;Plate 2 x 4;1351
24201;24201;Light Bluish Gray;336;Brick Curved Inverted 2 x 1;214
3024;3024;Light Bluish Gray;303;Plate 1 x 1;950
3021;3021;Dark Bluish Gray;224;Plate 2 x 3;1137
3023b;3023;Dark Bluish Gray;214;Plate 1 x 2;1421
3040b;3040;Dark Bluish Gray;196;Brick Sloped 45° 2 x 1 with Bottom Pin;540
3623;3623;Dark Bluish Gray;196;Plate 1 x 3;759
3040b;3040;White;168;Brick Sloped 45° 2 x 1 with Bottom Pin;691
3710;3710;Dark Bluish Gray;154;Plate 1 x 4;1201
3022;3022;Dark Bluish Gray;145;Plate 2 x 2;1244
3002;3002;Dark Bluish Gray;140;Brick 2 x 3;343
54200;54200;White;140;Brick Sloped 30° 1 x 1 x 2/3 (Cheese Slope);942
3021;3021;Light Bluish Gray;121;Plate 2 x 3;1146
11477;11477;White;112;Brick Curved 2 x 1 No Studs [1/2 Bow];651
63864;63864;Light Bluish Gray;98;Tile 1 x 3;500
3070b;3070;Light Bluish Gray;86;Tile 1 x 1 with Groove;619
3024;3024;White;85;Plate 1 x 1;1509
3021;3021;White;84;Plate 2 x 3;1356
3023b;3023;Black;84;Plate 1 x 2;2909
3710;3710;Light Bluish Gray;73;Plate 1 x 4;1333
54200;54200;Trans-Clear;64;Brick Sloped 30° 1 x 1 x 2/3 (Cheese Slope);502
24866;24866;Dark Green;60;Plant, Flower, Plate Round 1 x 1 with 5 Petals;42
3022;3022;Light Bluish Gray;60;Plate 2 x 2;1374
3023b;3023;White;58;Plate 1 x 2;2610
3069b;3069;White;58;Tile 1 x 2 with Groove;1559
3001;3001;Dark Bluish Gray;56;Brick 2 x 4;506
3069b;3069;Black;56;Tile 1 x 2 with Groove;1424
3794b;3794b;Dark Bluish Gray;56;Plate Special 1 x 2 with 1 Stud with Groove (Jumper);150
24482;24482;White;55;Weapon Spear Tip with Fins;15
4589;4589;White;55;Cone 1 x 1 [No Top Groove];132
3069b;3069;Light Bluish Gray;51;Tile 1 x 2 with Groove;928
2431;2431;Light Bluish Gray;48;Tile 1 x 4 with Groove;825
3941;3941;Light Bluish Gray;48;Brick Round 2 x 2 with Axle Hole;344
3023b;3023;Light Bluish Gray;44;Plate 1 x 2;1767
6141;4073;Reddish Brown;40;Plate Round 1 x 1 with Solid Stud;659
3024;3024;Dark Bluish Gray;36;Plate 1 x 1;713
3005;3005;White;34;Brick 1 x 1;1625
3040b;3040;Light Bluish Gray;33;Brick Sloped 45° 2 x 1 with Bottom Pin;524
3005;3005;Dark Bluish Gray;29;Brick 1 x 1;562
18674;18674;Dark Bluish Gray;28;Plate Special Round 2 x 2 with Center Stud (Jumper Plate);430
2429;2429;Light Bluish Gray;28;Hinge Plate 1 x 4 Swivel Base with Hole;1
2430;2430;Light Bluish Gray;28;Hinge Plate 1 x 4 Swivel Top [Solid Pin];1
2877;2877;White;28;Brick Special 1 x 2 with Grille;182
3004;3004;Light Bluish Gray;28;Brick 1 x 2;947
3004;3004;Dark Bluish Gray;28;Brick 1 x 2;684
3005;3005;Light Bluish Gray;28;Brick 1 x 1;792
3665a;3665;Light Bluish Gray;28;Brick Sloped Inverted 45° 2 x 1;394
3666;3666;Dark Bluish Gray;28;Plate 1 x 6;848
3794b;3794b;Light Bluish Gray;28;Plate Special 1 x 2 with 1 Stud with Groove (Jumper);155
3795;3795;Dark Bluish Gray;28;Plate 2 x 6;1087
4032b;4032;Dark Bluish Gray;28;Plate Round 2 x 2 with Axle Hole Type 2 (X Opening);3
3623;3623;Light Bluish Gray;21;Plate 1 x 3;865
87079;87079;Light Bluish Gray;21;Tile 2 x 4 with Groove;619
10202;10202;Light Bluish Gray;20;Tile 6 x 6 with Bottom Tubes;54
3024;3024;Dark Green;20;Plate 1 x 1;146
3034;3034;Dark Green;20;Plate 2 x 8;23
3460;3460;Light Bluish Gray;19;Plate 1 x 8;617
69729;69729;Light Bluish Gray;19;Tile 2 x 6;149
3622;3622;Light Bluish Gray;18;Brick 1 x 3;512
3068b;3068;Light Bluish Gray;16;Tile 2 x 2 with Groove;646
3023b;3023;Dark Green;10;Plate 1 x 2;207
3031;3031;Light Bluish Gray;8;Plate 4 x 4;487
3070b;3070;White;8;Tile 1 x 1 with Groove;896
3710;3710;Reddish Brown;8;Plate 1 x 4;825
3710;3710;Dark Green;8;Plate 1 x 4;122
3021;3021;Dark Green;7;Plate 2 x 3;102
2431;2431;White;6;Tile 1 x 4 with Groove;996
3020;3020;Dark Green;6;Plate 2 x 4;166
3070b;3070;Tan;6;Tile 1 x 1 with Groove;369
3941;3941;Trans-Clear;6;Brick Round 2 x 2 with Axle Hole;149
3034;3034;Light Bluish Gray;5;Plate 2 x 8;666
3460;3460;White;5;Plate 1 x 8;810
3666;3666;White;5;Plate 1 x 6;1175
3666;3666;Dark Green;5;Plate 1 x 6;97
3795;3795;Light Bluish Gray;5;Plate 2 x 6;982
3020;3020;Light Bluish Gray;4;Plate 2 x 4;1452
3032;3032;Light Bluish Gray;4;Plate 4 x 6;442
3623;3623;Dark Green;4;Plate 1 x 3;81
3710;3710;White;4;Plate 1 x 4;1865
4162;4162;White;4;Tile 1 x 8 with Groove;499
6636;6636;White;4;Tile 1 x 6 with Groove;638
2431;2431;Tan;3;Tile 1 x 4 with Groove;410
3069b;3069;Tan;3;Tile 1 x 2 with Groove;617
3666;3666;Light Bluish Gray;3;Plate 1 x 6;943
41539;41539;Light Bluish Gray;3;Plate 8 x 8;127
91405;91405;Light Bluish Gray;3;Plate 16 x 16;43
3029;3029;Light Bluish Gray;2;Plate 4 x 12;180
3030;3030;Dark Bluish Gray;2;Plate 4 x 10;273
3035;3035;Light Bluish Gray;2;Plate 4 x 8;326
3035;3035;Dark Bluish Gray;2;Plate 4 x 8;387
3710;3710;Black;2;Plate 1 x 4;2166
3795;3795;Dark Green;2;Plate 2 x 6;33
49668;49668;Dark Bluish Gray;2;Plate Special 1 x 1 with Tooth;6
69729;69729;Tan;2;Tile 2 x 6;57
87079;87079;Tan;2;Tile 2 x 4 with Groove;246
92438;92438;Light Bluish Gray;2;Plate 8 x 16;69
3068b;3068;Tan;1;Tile 2 x 2 with Groove;391
3069b;3069;Trans-Clear;1;Tile 1 x 2 with Groove;148
3070b;3070;Trans-Clear;1;Tile 1 x 1 with Groove;119
4186;4186;Light Bluish Gray;1;Baseplate 48 x 48;23
50990b;50990b;Trans-Clear;1;Dish 10 x 10 Inverted (Radar) with Solid Studs;0
63864;63864;White;1;Tile 1 x 3;528
